ad,position,shop,shop_reviews,listing_id,price,sale,free_shiping,bestseller,more_colors,limited_stock,sales,total_items
True,128,PMEVibes,0,783791604,38.0,,True,False,True,False,,50
False,133,S0NDERKRAFTS,142,541217141,122.14,,False,False,True,False,818,3
True,64,Glitchgear,0,775055540,34.99,,False,False,False,True,190,6
True,129,PhestynAtelier,32,589088181,135.0,,False,False,False,True,137,25
True,0,TimeResistance,1729,687811453,192.1,226.0,True,False,True,False,9577,121
True,130,79street,298,727385699,188.53,235.66,True,False,False,False,897,71
False,131,PoshyKids,1166,523938390,29.9,,False,False,False,False,6692,39
False,132,CloLouiseDesigns,245,468597581,20.57,,False,False,False,False,1584,29
False,6,Nubuckcuir,391,545729644,190.12,,True,False,False,False,1619,85
True,2,FRITZLIMITLESS,0,786194726,123.75,,True,False,True,False,,5
False,5,LimorGalili,525,261617135,249.6,312.0,True,False,True,False,2099,666
False,4,LaceyRaeDesigns,1623,291629657,24.99,,False,False,True,False,8674,705
True,1,HannahCanvasDesign,2,781160143,29.0,,False,False,True,False,23,25
False,3,TaylorHeUK,196,293624267,32.14,,False,False,False,False,1810,92
False,70,FidelioBags,559,449846646,174.32,,True,False,False,True,2269,14
False,10,TheCuriousCatbird,3779,76851390,22.5,,False,False,True,False,17682,139
False,109,keeppacks,46,449861260,108.0,,False,False,False,False,248,21
False,47,vayabags,128,184061392,189.0,,False,False,False,False,484,32
False,110,olafelt,23,500149450,190.0,,True,False,False,False,42,33
False,108,KiliDesign,245,289571297,275.2,344.0,True,False,True,False,894,42
False,111,UpcycledDenimShop,50,265097305,124.31,,False,False,False,False,221,35
False,46,bRucksack,13,216236101,100.0,,True,False,False,False,34,27
False,190,YAROSHEVYCH,54,241863456,237.0,,True,False,False,False,142,100
False,189,kaaberlin,1860,294677715,246.37,,False,False,False,False,620,122
True,188,Pytoshashop,0,777969942,348.0,,True,False,False,False,1,12
False,187,ByAdeline,46,224897348,360.0,,True,False,False,False,202,128
False,186,FreerangersVeganFoot,22,505215484,173.57,,False,False,False,False,138,34
False,185,TEAMDDESIGNS,567,495449991,110.49,,True,False,True,False,3904,75
False,106,StevenHarkinHandBags,21,471432125,803.55,,True,False,False,False,84,62
True,113,MIMIKRIDesign,19,666281237,139.5,174.37,True,False,False,False,67,118
False,119,byNizzo,170,160440814,145.12,,False,False,False,True,1025,33
True,124,FlotoBags,414,555044964,210.12,247.2,True,False,False,False,2636,239
False,127,Smadars,564,525749627,191.25,225.0,False,False,False,False,1700,51
False,126,InkAndPlumeUA,25,554420853,146.0,,True,False,True,False,73,25
False,125,InnesBags,371,216670667,191.36,212.62,False,False,False,False,1678,86
False,123,ElenaCarew,60,239572931,103.5,115.0,True,False,True,False,333,44
False,121,DepartamentStore,28,460471410,146.25,,True,False,False,False,127,27
False,122,queserabags,93,254785891,100.12,,True,False,False,False,561,140
False,120,Imunde,118,493137114,155.25,,False,False,False,False,453,277
False,118,ItalianHandbags,323,478409347,337.5,,True,False,True,False,1488,519
False,117,LFantasy,141,474408209,104.29,115.87,True,False,False,False,669,119
True,112,EvenOddCreative,111,240960285,210.0,,True,False,False,False,482,6
False,116,Davikalove,129,224562810,201.37,,True,False,False,False,390,77
False,45,FirenzeBags,865,550485890,168.5,337.0,True,False,True,False,5827,129
False,43,Lovecheerboutique,198,501293004,120.0,,False,False,True,False,1126,321
False,44,BearGallery,290,478852091,350.0,,True,False,False,False,1159,215
False,42,OdiLynch,691,515758404,127.28,,False,False,False,True,2682,418
False,40,Sobivarto,163,256266029,120.0,,False,False,True,False,638,7
False,184,KeetworksLeather,3,800072557,202.5,,True,False,False,False,7,13
False,41,Albertinaboutique,162,275407086,329.0,,True,False,False,False,531,21
False,183,BoroughEngland,0,456116974,231.42,,False,False,False,False,2,1
False,182,BrothersGibson,8,494166135,280.0,,False,False,False,False,21,1
False,179,LUSCIOUSLEATHERNYC,3054,229051322,725.0,,True,False,False,False,10740,425
False,37,maraimarai,25,244943127,135.0,,False,False,False,False,92,10
False,181,LeatherDesignStudio,462,293523159,107.1,119.0,True,False,False,False,1481,141
True,176,Pixinc,0,773631578,129.5,259.0,True,False,False,False,,5
False,174,TForevers,10,555805069,444.37,,True,False,True,False,79,12
False,36,SolidLeatherCo,825,242118867,425.0,,True,False,True,False,3659,64
False,173,InconnuLAB,0,245901034,106.34,,False,False,True,False,535,72
False,175,LadyBirdesign,801,179589598,277.2,396.0,False,False,True,False,3250,301
False,97,BagamoBags,2075,166523319,101.14,,True,False,False,False,1462,288
False,62,AlbanBikeBags,325,262746724,83.57,,True,False,False,False,2612,27
False,63,fourbugsinarug,7044,387525886,16.2,18.0,False,False,True,False,38876,166
False,33,Rambag,883,198391726,109.28,,True,False,False,False,4053,81
False,32,Treasurecaravan,33,280488746,115.0,,False,False,False,True,128,639
False,31,AttaStudio,0,529014669,129.0,,True,False,False,False,157,35
False,191,MissTessyShop,132,510043002,49.5,,True,False,False,False,317,120
False,187,SweetSewnVirginia,46,223006174,15.0,,False,False,True,False,219,19
False,190,MotherEarthTreasure,221,291982119,38.57,77.14,False,False,True,False,955,137
True,188,SEmbroideredBoutique,8110,590056137,63.0,,True,False,True,False,49356,457
False,189,HoneysuckleandLime,591,503773316,35.89,,False,False,False,False,3134,32
False,171,PAGURDESIGN,180,245731753,149.0,,False,False,False,False,816,124
False,170,tinytulip,1282,495091721,100.0,,True,False,True,False,7300,171
False,169,Marinsss,263,93268485,110.0,,True,False,False,False,736,111
False,168,80sStyleBags,143,266649734,104.14,173.57,True,False,False,False,745,305
False,58,SUNSTONESEA,74,242067213,42.0,,True,False,False,True,355,16
False,122,FourLoves,1848,465327161,54.5,,True,False,True,False,9369,126
False,167,TahelSadot,446,266614674,114.0,,True,False,True,False,2076,397
False,61,TotesBurlap,1155,521473311,26.09,28.99,True,False,True,False,9758,79
False,120,GoArmyVintage,86,274611208,12.86,,False,False,False,True,593,181
False,185,NicheLane,128,519478438,135.0,224.99,False,False,True,False,704,32
True,166,noda4you,141,723743073,195.75,,True,False,True,False,945,160
True,165,KRASTEVA,2,740739721,128.0,160.0,True,False,True,False,4,26
False,163,MyCottonHouse,256,242653400,183.85,,True,False,False,False,1069,250
True,89,BlackWingsUkraine,3,723207529,133.2,148.0,True,False,False,False,6,18
False,162,littleoddforest,1583,497047058,119.0,,True,False,False,False,3284,264
False,55,VitalSignsNW,1820,239161781,35.0,,True,False,True,False,10807,424
False,54,hannisch,237,271030395,31.49,,False,False,False,False,2082,309
False,53,AliveClothingShirts,69,463316251,14.17,,False,False,False,False,551,70
False,52,PrettyPersonalGifts,4929,552818059,28.5,,False,False,True,False,29115,414
False,51,Frenchbaskets,1048,276059230,56.0,,True,False,False,False,8292,156
False,118,CampusConnection,2467,459727994,52.0,,True,False,True,False,15860,71
False,116,CreativeCo1520,305,538125202,12.99,,False,False,True,False,2244,109
False,117,ItsyBitsyWear,2212,449718884,20.8,26.0,True,False,False,False,14147,434
False,115,Toddletags,1282,160993236,5.95,,False,False,True,False,5690,377
False,183,SHOPBAGsUA,339,564321965,122.4,136.0,False,False,True,False,1538,60
False,181,mussleathersUY,43,542042840,310.0,,True,False,False,False,185,69
True,178,ClouetStreet,411,666057372,9.95,,False,False,True,False,4974,212
False,180,PersonalStitchGifts,2639,508994751,29.0,,True,False,True,False,12585,116
False,161,Pomkatoo,0,508924514,145.0,,True,False,False,False,17,22
False,179,StitchNOLABoutique,5593,214349295,22.5,,False,False,True,False,24829,3163
False,159,ReprisedVintage,77,558081834,115.71,154.28,False,False,False,False,248,156
False,160,RadkaFashion,6,478998523,379.12,,True,False,False,False,18,48
True,50,garbanota,2,763782494,47.25,63.0,False,False,False,False,35,77
True,176,Luvponies,6,699115540,25.65,,False,False,False,False,180,10
False,158,aeliasandals,287,287369361,170.0,,True,False,False,True,1470,172
False,175,CloudsplitterBags,509,245862220,6.99,,False,False,False,False,6952,19
False,110,Celmonster,146,501873286,91.99,114.99,True,False,True,False,488,192
False,107,PandaUA,611,551599120,84.0,140.0,True,False,True,False,3646,284
False,174,heartmelter,1750,239722697,29.95,,False,False,True,False,6536,43
True,153,CyanByMiriWeiss,363,649985638,296.86,349.25,True,False,False,False,1343,265
True,152,MaReOfficinaCreativa,0,776463530,272.25,,True,False,False,False,1,27
False,151,KrukGarageAtelier,439,232848980,239.4,342.0,False,False,True,False,2133,135
False,41,DarkKnightArmoury,1992,194266043,45.0,,False,False,True,False,7378,416
False,45,FallenStarCoutureInc,26015,387102968,22.73,,True,False,False,False,126723,421
False,104,kutekiddo,6599,238354580,22.49,,False,True,True,False,34321,101
True,78,PamporaBags,193,674879670,184.6,205.11,True,False,False,False,764,93
False,103,thepersonalisers,547,534773604,23.14,,False,False,False,False,5411,1726
False,12,ViewInRain,0,280156292,118.56,,False,False,False,True,232,9
False,173,BagDoRi,446,114367122,62.5,,False,False,False,True,2595,43
False,172,SoSewPreciousGifts,960,508336223,17.99,,False,False,False,False,7284,421
True,77,TUFAClimbing,95,744901977,179.0,,True,False,False,False,624,46
True,102,SlaterBasketry,61,796481165,160.0,,True,False,False,True,235,4
False,40,FernEllieCreation,863,519112534,59.95,,True,False,False,False,5014,71
True,76,inblue,16006,779617427,160.0,200.0,True,False,True,False,70525,158
True,38,InSunt,445,524436017,97.2,108.0,True,False,True,False,1675,137
True,101,SolisLeatherCompany,64,749753327,109.5,219.0,False,False,False,False,330,37
True,100,CastleCoShop,1531,515588732,50.96,59.95,True,False,False,False,7508,145
False,99,FirstfruitCrafts,251,531968572,20.0,,False,True,False,False,1170,54
False,9,RuthKraus,475,234750124,152.0,,True,False,False,True,2520,212
False,170,AlmiCrafts,62,547669650,112.0,,False,False,False,True,190,25
False,147,treesizeverse,1567,103241322,185.29,205.87,False,False,False,False,6301,197
False,168,TalismanaDesigns,7979,236196308,46.0,,True,True,True,False,25519,149
False,143,kokosina,341,124121937,111.37,,False,False,False,False,1824,107
False,144,INTERICON,70,278425834,149.0,,True,False,True,False,236,46
False,73,sarahvanoosterom,34,258012454,255.88,,False,False,False,False,104,65
False,71,Babak1995,518,535252923,154.0,308.0,False,False,True,False,2341,303
False,70,Nordhale,10,521821693,115.2,144.0,True,False,False,False,64,34
False,69,daphnenen,1529,254327970,115.0,,True,False,False,False,4175,192
False,35,Whynotstopnshop,9112,256149934,24.95,,True,False,True,False,45374,1087
False,33,ChaChaChaStore,89,532876820,42.43,,False,False,False,False,503,208
False,72,BBEShop,279,510618553,117.0,130.0,True,False,True,False,1224,150
False,98,lapopart,891,450929716,9.99,,True,False,False,False,5706,6569
False,34,ArielleCreaLoisirs,560,543536021,31.5,,False,True,False,False,4472,138
False,97,maykobags,1330,539434172,199.2,249.0,True,False,True,False,7666,460
True,142,cappeyleather,0,778410193,125.0,,False,False,False,False,,2
True,165,olpr,3799,686929515,127.8,213.0,True,False,False,False,16683,440
False,95,Tram21,576,261160214,220.5,,False,False,False,False,2911,40
False,163,MonogramandmoreShop,170,533397182,9.99,,False,False,True,False,1198,95
False,162,MAHILeather,1284,226045860,141.75,188.99,True,False,False,False,8262,292
False,161,CanopyVerde,460,477402976,161.1,179.0,True,False,True,False,2822,59
False,96,AntiqueTransylvania,218,258506863,47.6,68.0,False,False,False,False,1128,423
False,68,thetogbag,9,523312494,154.27,192.84,False,False,True,False,90,6
False,30,BokzimBag,141,272076668,38.0,,False,False,False,False,796,71
False,93,MIRUGB,56,500134212,57.84,,True,False,False,False,234,2
False,67,iyiamihandbags,1408,170530431,136.0,,False,False,False,False,3194,168
True,140,ChristinaChristiJls,2126,600925847,124.2,155.25,True,False,False,False,16443,925
False,27,LolaDarlingDesigns,5325,196775734,24.0,,True,False,True,False,26161,137
False,28,RedElephantClothing,6796,154224001,15.95,,True,False,False,False,32381,506
True,90,SweetPennyLynns,399,692445614,24.95,,True,False,False,False,2610,213
False,160,CarmelGoldental,190,221649317,258.0,,True,False,True,False,719,88
False,159,SaltwaterPrep,2418,244748991,23.0,,True,False,True,False,11684,40
True,64,BronzeFireShop,7,788632503,275.0,,True,False,False,False,16,9
False,156,ArisBag,257,484426661,60.75,,False,False,True,True,1120,137
False,157,JaniceDesign,381,488974670,69.75,93.0,True,False,False,False,2178,27
False,158,TheLeatherExpert,2368,271279699,166.8,278.0,True,False,True,False,13071,99
False,134,ScandaloAlSole,630,196241579,149.27,165.85,False,False,False,False,4356,118
False,137,Oliday,1446,118397887,142.65,158.5,True,False,False,False,8774,25
True,26,iRichLeather,39,571629996,118.0,,True,False,True,True,131,226
True,24,SANVENTURA,0,786169624,200.87,,True,False,False,False,2,10
True,88,Ultralitesacks,154,666265536,18.0,,False,True,True,False,1719,14
False,151,QuiltsByChel,211,528985365,24.3,27.0,False,False,True,False,1024,30
True,153,AdventureTrailsMkt,926,710627259,21.99,,True,False,False,False,5420,51
False,133,Velotton,24,253551553,184.5,,True,False,False,False,122,30
False,132,MoonshineLeather,326,386136782,119.0,140.0,True,False,False,False,1493,407
False,131,CreaturesofDelight,43,116837371,125.0,,False,False,True,True,98,175
True,129,PukkaSeal,85,694117445,349.0,,True,False,False,False,227,87
False,21,mediumcontrol,5706,79569476,51.0,,True,False,False,False,29251,836
False,17,KOVEREDUK,1820,276506516,101.23,144.63,False,False,False,False,9852,12
False,16,Otomiartesanal,61,243760483,54.42,,False,False,False,False,270,9
False,150,WoodwardsLeather,0,480474482,154.28,,False,False,True,False,63,20
False,18,christystudio,10056,84266535,41.3,59.0,False,False,False,False,33099,80
False,148,bowsnbugs,0,232642470,28.8,32.0,True,False,False,False,4791,4
False,149,Badimyon,663,203693357,84.15,99.0,True,False,False,False,3024,177
True,128,OrchidHeartsDesign,17,764520942,138.0,,True,False,True,False,80,21
False,15,CBHstudio,61,173822774,29.99,,False,False,False,False,387,55
True,12,PandaCashBackStore,3,656161272,49.95,,False,False,False,False,24,24
True,14,personalizedgiftsbyk,1871,641778841,45.91,,False,False,True,True,16668,1617
True,78,TheWhimsicalMystic,0,797313611,45.5,,True,False,False,False,1,12
True,13,Backpacks4Friends,559,263269599,229.5,,True,True,False,False,2056,81
True,77,LeatherSpirit,31,784131930,66.0,110.0,True,False,True,False,108,74
True,76,Watershedbrand,31,798913927,45.0,,True,False,False,False,333,75
False,145,MonogrammedKidsPoshy,2093,537069047,29.9,,False,False,False,False,12982,36
True,142,RosieLynnDesigns,546,771605052,24.95,,False,True,True,False,2220,134
False,144,VitaGordievska,36,482106766,400.0,,True,False,False,False,121,90
False,8,EdwardsPrint,351,463442105,25.65,,False,False,True,False,2530,42
False,143,Stasukan,386,499911226,125.0,138.89,True,False,True,False,1657,198
False,73,DrinaCrafts,216,524719834,157.5,225.0,False,False,False,False,704,46
False,72,Hemp4Life,161,548382120,64.8,,True,False,False,False,1210,106
False,71,HarvestUA,172,512208766,68.0,75.56,True,False,True,False,913,236
True,141,HidesHandcrafted,702,706402671,171.19,285.31,False,False,True,False,4536,240
True,140,WovenFindsCo,736,566469129,75.0,,True,False,True,False,4688,52
False,69,AmaraCollective,465,505881895,257.12,,False,False,False,False,1871,63
False,139,MinnimAccessories,196,569648525,99.0,,True,False,False,False,923,81
False,68,DoubleBMonograms,4958,387649714,24.46,34.95,False,False,True,False,22826,331
True,66,childhoodnghtmares,0,792079791,45.0,,False,False,False,False,4,3
False,67,LeatherStrata,492,499781898,150.13,176.62,False,False,False,False,2635,329
True,65,InvolvingMemories,0,783134704,33.0,,False,False,False,False,336,144
False,138,ShopSimpleJoy,6875,387007536,42.75,,False,False,True,False,29897,294
False,136,RedMaus,496,475992620,79.0,,True,False,True,False,3120,38
False,135,SimplyCustomLife,1389,554854813,40.0,,True,False,True,False,10357,2203
False,134,LindenLeatherCo,760,479881055,224.99,449.99,False,False,False,False,3543,117
False,137,JoyfulMoose,10266,457287928,13.45,,True,False,False,False,49139,454
