ad,position,shop,shop_reviews,listing_id,price,sale,free_shiping,bestseller,more_colors,limited_stock,sales,total_items
True,128,GiftsForGuysCo,1037,727844600,29.69,32.99,False,False,True,False,8802,235
True,130,NOWORKLLC,0,755202939,212.96,,True,False,False,False,4,23
True,129,SimpleStillness,0,476187660,59.0,,True,False,True,False,1,6
False,134,ArisBag,257,484426661,60.85,,False,False,True,True,1118,136
False,132,CloLouiseDesigns,245,468597581,20.63,,False,False,False,False,1584,29
False,133,SaltwaterPrep,2417,244748991,23.0,,True,False,True,False,11681,40
False,131,LindenLeatherCo,760,479881055,225.69,451.38,False,False,False,False,3542,118
False,5,VitalSignsNW,1818,239161781,35.0,,True,False,True,False,10800,423
True,1,Handmadebags39,0,785476786,149.59,,True,False,False,False,,7
True,2,PridePotion,0,785706768,40.0,,True,False,False,False,,9
False,4,mediumcontrol,5706,79569476,51.0,,True,False,False,False,29245,836
False,3,TheCuriousCatbird,3778,76851390,22.5,,False,False,True,False,17681,139
False,15,Otomiartesanal,61,243760483,55.14,,False,False,True,False,269,9
False,16,christystudio,10056,84266535,41.3,59.0,False,False,False,False,33097,79
False,30,TaylorHeUK,196,293624267,32.24,,False,False,False,False,1807,92
True,78,cappeyleather,0,761790504,115.0,,False,False,False,True,,2
True,64,noda4you,141,708637634,179.15,,True,False,True,False,946,160
False,185,guntaboutique,31,793654573,122.82,,True,False,False,True,86,45
False,183,BrothersGibson,8,494166135,280.0,,False,False,False,False,21,1
False,127,queserabags,93,254785891,100.28,,True,False,False,False,561,138
False,46,SolidLeatherCo,825,242118867,425.0,,True,False,True,False,3659,64
False,184,80sStyleBags,142,270693151,193.45,322.41,True,False,False,False,745,305
False,126,DepartamentStore,28,460471410,146.48,,True,False,False,False,127,27
False,182,krukrustudio,750,778561064,175.0,,True,False,True,False,2724,117
False,181,LUSCIOUSLEATHERNYC,3053,229051322,725.0,,True,False,False,False,10738,425
False,125,byNizzo,170,160440814,145.35,,False,False,False,True,1025,32
False,123,ItalianHandbags,323,478409347,338.03,,True,False,True,False,1488,519
False,42,AttaStudio,0,529014669,129.0,,True,False,False,False,157,35
False,53,Sobivarto,163,256266029,120.0,,False,False,True,False,638,7
False,122,Imunde,118,493137114,155.49,,False,False,False,False,453,277
False,55,Albertinaboutique,162,275407086,329.0,,True,False,False,False,531,21
False,191,TEAMDDESIGNS,566,495449991,110.49,,True,False,True,False,3904,75
False,51,maraimarai,25,244943127,135.21,,False,False,False,False,92,10
False,62,bRucksack,13,216236101,100.0,,True,False,False,False,34,27
False,63,Lovecheerboutique,194,501293004,120.0,,False,False,True,False,1126,321
False,61,FirenzeBags,865,550485890,168.5,337.0,True,False,True,False,5825,129
False,59,BearGallery,290,478852091,350.0,,True,False,False,False,1159,215
False,58,OdiLynch,691,515758404,127.68,,False,False,False,True,2677,424
False,190,ByAdeline,46,224897348,360.0,,True,False,False,False,202,128
False,189,FreerangersVeganFoot,22,505215484,174.1,,False,False,False,False,138,34
False,187,BoroughEngland,0,456116974,232.14,,False,False,False,False,2,1
False,57,BBEShop,279,510618553,117.0,130.0,True,False,True,False,1223,150
False,186,LeatherDesignStudio,461,293523159,107.1,119.0,True,False,False,False,1478,141
True,177,Cooleather,38,171715967,359.0,,True,False,True,False,252,16
False,180,TForevers,10,555805069,445.07,,True,False,True,False,79,12
False,179,LadyBirdesign,801,179589598,277.2,396.0,False,False,True,False,3250,300
True,176,ElliaBags,23,693922440,117.18,,False,False,False,True,69,49
True,124,SolisLeatherCompany,64,749753327,109.5,219.0,False,False,False,False,330,37
False,119,LFantasy,141,474408209,104.45,116.06,True,False,False,False,669,119
False,118,Davikalove,129,224562810,201.69,,True,False,False,False,390,77
False,117,olafelt,23,500149450,190.0,,True,False,False,False,42,33
True,38,PandopandoUnisexBag,5,758066737,101.4,,True,False,False,False,26,5
False,116,Smadars,564,525749627,191.25,225.0,False,False,False,False,1700,51
False,173,tinytulip,1282,495091721,100.0,,True,False,True,False,7298,171
False,175,InconnuLAB,0,245901034,106.35,,False,False,True,False,535,72
False,172,PAGURDESIGN,180,245731753,149.0,,False,False,False,False,815,124
False,122,FourLoves,1847,465327161,54.5,,True,False,True,False,9366,126
False,119,GoArmyVintage,86,274611208,12.9,,False,False,False,True,593,181
False,170,Marinsss,263,93268485,110.0,,True,False,False,False,736,111
False,118,CampusConnection,2467,459727994,52.0,,True,False,True,False,15859,71
False,31,S0NDERKRAFTS,142,541217141,122.52,,False,False,True,False,818,3
False,111,Rambag,882,227035545,128.97,,True,False,False,False,4052,81
True,113,MOBLeather,0,554842565,178.0,,True,False,False,False,9,48
False,169,MyCottonHouse,256,242653400,184.42,,True,False,False,False,1069,250
False,167,Pomkatoo,0,508924514,145.0,,True,False,False,False,17,22
False,168,TahelSadot,446,266614674,114.0,,True,False,True,False,2074,398
False,116,ItsyBitsyWear,2212,449718884,20.8,26.0,True,False,False,False,14143,435
False,115,Toddletags,1281,160993236,5.95,,False,False,True,False,5688,377
True,113,Glitchgear,0,775055540,34.99,,False,False,False,True,190,6
False,109,UpcycledDenimShop,50,265097305,123.85,,False,False,False,False,221,35
False,107,keeppacks,46,449861260,108.0,,False,False,False,False,248,22
False,110,KiliDesign,245,289571297,275.2,344.0,True,False,True,False,894,42
False,108,StevenHarkinHandBags,21,471432125,806.04,,True,False,False,False,84,62
False,106,sarahvanoosterom,34,258012454,255.9,,False,False,False,False,104,65
False,163,littleoddforest,1583,497047058,119.0,,True,False,False,False,3284,262
False,161,ReprisedVintage,76,558081834,116.07,154.76,False,False,False,False,248,156
False,160,RadkaFashion,6,478998523,379.72,,True,False,False,False,18,48
False,159,aeliasandals,287,287369361,170.0,,True,False,False,True,1470,172
False,107,kutekiddo,6597,238354580,22.49,,False,True,True,False,34311,101
False,110,CreativeCo1520,305,538125202,12.99,,False,False,True,False,2239,110
False,111,Celmonster,146,501873286,91.99,114.99,True,False,True,False,488,192
False,105,Babak1995,518,535252923,154.0,308.0,False,False,True,False,2338,303
True,25,TUFAClimbing,95,756681203,225.0,,True,False,False,False,624,46
False,158,Velotton,24,253551553,184.79,,True,False,False,False,122,30
False,157,ScandaloAlSole,630,196241579,149.73,166.37,False,False,False,False,4356,118
True,154,LeatherHandbagsLT,0,633972530,121.6,152.0,True,False,False,False,14,17
False,155,MoonshineLeather,325,449860862,157.25,185.0,True,False,True,False,1493,407
False,106,LaceyRaeDesigns,1621,291629657,24.99,,False,False,True,False,8671,705
True,101,Pixinc,0,773631578,129.5,259.0,True,False,False,False,,5
False,105,PandaUA,611,551599120,84.0,140.0,True,False,True,False,3637,284
False,97,TheLeatherExpert,2367,265349663,166.8,278.0,True,False,True,False,13064,99
False,99,CyanByMiriWeiss,363,237811347,295.76,347.95,True,False,False,False,1343,265
True,152,Finickbag,8,552561435,145.0,,True,False,True,True,46,9
False,149,KrukGarageAtelier,439,232848980,239.4,342.0,False,False,True,False,2133,135
False,150,Nubuckcuir,390,293620433,146.48,,True,False,False,False,1618,84
False,99,thepersonalisers,546,534773604,23.21,,False,False,False,False,5402,1726
True,100,CastleCoShop,1529,515588732,50.96,59.95,True,False,False,False,7501,145
False,95,BagamoBags,2075,166523319,101.3,,True,False,False,False,1444,286
False,97,LLMonograms,3519,509142684,27.95,,False,True,True,False,20755,85
False,63,fourbugsinarug,7042,387525886,16.2,18.0,False,False,True,False,38871,166
True,90,Corkpecker,6,719409230,141.97,,True,False,False,True,35,10
False,145,INTERICON,70,278425834,149.0,,True,False,True,False,236,46
False,98,AntiqueTransylvania,218,258506863,47.6,68.0,False,False,False,False,1126,424
False,62,ViewInRain,0,280156292,118.69,,False,False,False,True,232,9
False,146,treesizeverse,1567,103241322,185.58,206.2,False,False,False,False,6300,196
False,61,SUNSTONESEA,74,242067213,42.0,,True,False,False,True,355,16
True,60,LeatherSpirit,31,784131930,66.0,110.0,True,False,True,False,108,76
True,142,DragonLeatherCo,3,767732251,175.0,,True,False,False,False,7,28
True,89,iRichLeather,39,571638472,128.0,,True,False,False,False,131,225
True,90,SomeDudesDance,48,289899585,12.0,,False,False,False,False,313,17
False,57,AliveClothingShirts,69,463316251,14.2,,False,False,False,False,551,70
False,58,RuthKraus,475,234750124,152.0,,True,False,False,True,2520,212
False,55,TotesBurlap,1154,521473311,26.09,28.99,True,False,True,False,9748,79
False,134,CreaturesofDelight,43,116837371,125.0,,False,False,True,True,98,175
False,54,FirstfruitCrafts,251,531968572,20.0,,False,True,False,False,1170,54
False,53,PrettyPersonalGifts,4928,552818059,28.5,,False,False,True,False,29100,414
False,132,InnesBags,371,216670667,191.66,212.96,False,False,False,False,1677,86
False,133,InkAndPlumeUA,25,554420853,146.0,,True,False,True,False,73,25
True,129,SMBbrand,4,781231757,140.0,280.0,True,False,False,False,12,16
False,131,ElenaCarew,60,239572931,103.5,115.0,True,False,True,False,333,44
True,77,ElevatedLYFE,88,593653232,44.95,,True,False,False,False,584,8
False,191,maykobags,1330,558579533,149.4,249.0,False,False,True,False,7665,462
False,190,Sugulovas,175,464194470,61.97,,True,False,False,False,825,47
False,71,thetogbag,9,523312494,154.75,193.44,False,False,True,False,90,6
False,72,daphnenen,1529,254327970,115.0,,True,False,False,False,4175,192
False,73,koatye1,231,497074560,103.7,122.0,True,False,False,False,639,220
True,48,AstriveBrand,0,784476278,44.99,,True,False,False,False,,1
True,50,79street,298,694143044,188.53,235.66,False,False,False,False,897,71
True,49,MarrakechshopDesign,207,605974286,59.99,,True,True,False,False,1859,43
False,47,CanopyVerde,460,477402976,161.1,179.0,True,False,True,False,2820,59
True,128,leatherguyinKHI,21,629861027,160.3,229.0,True,False,False,False,103,70
False,189,JaniceDesign,381,477753399,93.0,,True,False,False,True,2176,27
False,74,DrinaCrafts,215,524719834,157.75,225.35,False,False,False,False,704,46
False,72,HarvestUA,172,512208766,68.0,75.56,True,False,True,False,913,237
True,188,RetroPrintFlaneur,2,770857106,66.48,,True,False,False,False,3,151
False,187,hannisch,235,454493880,28.16,,False,False,False,True,2080,309
False,185,Treasurecaravan,33,280488746,115.0,,False,False,False,True,128,644
False,68,KobehAlaska,0,497893417,203.0,,False,False,False,False,17,24
False,184,MissTessyShop,132,510043002,49.58,,True,False,False,False,317,120
False,70,Nordhale,10,521821693,115.38,144.23,True,False,False,False,64,34
False,69,iyiamihandbags,1407,170530431,136.0,,False,False,False,False,3194,168
False,67,vayabags,128,184061392,189.0,,False,False,False,False,484,32
False,45,FallenStarCoutureInc,26015,387102968,22.73,,True,False,False,False,126695,421
False,44,DarkKnightArmoury,1991,194266043,45.0,,False,False,True,False,7376,416
False,43,Tram21,576,260922518,220.85,,False,False,False,False,2911,40
False,42,PoshyKids,1165,523068574,37.5,,True,False,False,False,6692,40
False,40,FernEllieCreation,863,519112534,59.95,,True,False,False,False,5014,71
False,69,DoubleBMonograms,4958,387649714,24.46,34.95,False,False,True,False,22823,332
False,70,AmaraCollective,465,505881895,257.92,,False,False,False,False,1870,63
False,68,LeatherStrata,492,499781898,150.37,176.9,False,False,False,False,2635,329
False,67,AlbanBikeBags,325,262746724,83.83,,True,False,False,False,2611,27
True,38,BackpackGh,0,788556429,62.0,,True,False,False,False,6,1
False,180,SweetSewnVirginia,46,223006174,15.0,,False,False,True,False,219,19
False,183,iCreate369,163,552021209,49.95,,True,False,False,False,1303,66
False,39,MIRUGB,56,514067087,64.47,,True,False,False,False,234,2
False,179,HoneysuckleandLime,590,503773316,35.89,,False,False,False,False,3132,32
False,182,MotherEarthTreasure,221,291982119,38.69,77.38,False,False,True,False,955,134
True,64,HidesHandcrafted,702,645987028,157.57,262.61,False,False,True,False,4532,240
True,37,inblue,16003,779617427,160.0,200.0,True,False,True,False,70504,158
True,178,NotOnlyReflective,0,787137523,58.0,,False,False,False,False,,3
True,176,ELEVEN600,1136,599355360,118.31,197.18,True,False,True,False,5497,139
False,174,FidelioBags,559,244407348,202.76,,True,False,False,True,2268,14
False,35,Frenchbaskets,1048,276059230,56.0,,True,False,False,False,8285,156
False,175,NicheLane,128,519478438,135.41,225.69,False,False,True,False,704,32
True,36,ChristinaChristiJls,2119,718676004,128.9,161.13,True,False,True,False,16430,925
False,173,PersonalStitchGifts,2639,508994751,29.0,,True,False,True,False,12580,114
False,170,BokzimBag,141,260597802,38.0,,False,False,False,False,796,71
False,171,mussleathersUY,43,542042840,310.0,,True,False,False,False,185,69
False,169,CloudsplitterBags,509,245862220,6.99,,False,False,False,False,6951,19
False,167,BagDoRi,446,114367122,62.5,,False,False,False,True,2595,43
True,165,four10clothing,170,624382617,10.0,,True,False,False,False,1737,108
False,168,StitchNOLABoutique,5592,214349295,22.5,,False,False,True,False,24822,3164
True,166,InSunt,445,524436017,97.2,108.0,True,False,False,False,1674,138
True,164,Duntalk,2,735503363,32.63,,True,False,False,False,17,66
True,26,BORABORAs,0,636508220,50.7,,False,False,False,False,1,6
False,163,heartmelter,1750,239722697,29.95,,False,False,True,False,6536,43
False,27,LolaDarlingDesigns,5325,196775734,24.0,,True,False,True,False,26151,137
False,23,bowsnbugs,0,539832477,55.0,,True,False,False,False,4791,4
True,24,garbanota,2,763782494,47.32,63.1,False,False,False,False,35,77
False,162,TinyRoseBoutique,3401,469458729,24.5,,False,True,True,False,14514,186
False,160,AlmiCrafts,62,547669650,112.0,,False,False,False,True,190,25
False,159,kokosina,341,161094517,111.55,,False,False,False,False,1824,107
False,22,ArielleCreaLoisirs,560,543536021,31.55,,False,True,False,False,4466,138
False,157,SoSewPreciousGifts,959,508336223,18.04,,False,False,False,False,7272,426
False,158,MAHILeather,1284,226045860,142.18,189.58,True,False,False,False,8262,292
False,20,Backpacks4Friends,559,263269599,229.86,,True,True,True,False,2056,81
False,17,Whynotstopnshop,9107,256149934,24.95,,True,False,True,False,45368,1088
True,154,FRITZLIMITLESS,0,799391641,157.75,,True,False,False,False,,4
False,155,QuiltsByChel,211,528985365,24.3,27.0,False,False,True,False,1020,30
False,156,MonogramandmoreShop,170,533397182,9.99,,False,False,True,False,1198,95
True,153,KOVEREDUK,1820,290006099,98.84,141.2,False,False,False,False,9852,12
True,152,EvenOddCreative,111,240960285,210.0,,True,False,False,False,482,6
True,13,OVCOleather,0,785690134,140.85,,False,False,False,False,1,3
True,14,personalizedgiftsbyk,1871,641778841,27.55,45.91,False,False,True,False,16665,1617
False,150,WoodwardsLeather,0,480474482,154.76,,False,False,True,False,63,20
False,148,CarmelGoldental,190,221649317,258.0,,True,False,True,False,719,88
False,149,Badimyon,663,203693357,84.15,99.0,True,False,False,False,3020,177
False,147,EdwardsPrint,351,261550959,5.78,19.28,False,False,True,False,2529,42
False,145,MonogrammedKidsPoshy,2093,537069047,29.9,,False,False,False,False,12982,36
False,10,ChaChaChaStore,89,532876820,42.56,,False,False,False,False,500,210
False,11,RedElephantClothing,6795,154224001,15.95,,True,False,False,False,32369,506
False,7,WovenFindsCo,736,566469129,75.0,,True,False,True,False,4687,52
False,9,LimorGalili,525,261617135,249.6,312.0,True,False,True,False,2099,666
False,144,Oliday,1446,457111524,105.82,124.5,True,False,False,False,8773,25
False,143,Stasukan,385,499911226,125.0,138.89,True,False,True,False,1657,198
True,141,1mL1oN,0,784698796,62.0,,True,False,False,False,,66
True,142,SHOPBAGsUA,339,561570329,149.0,,True,False,True,False,1538,60
True,140,TimeResistance,1728,718692161,386.0,,True,False,False,True,9571,122
False,139,VitaGordievska,36,482106766,400.0,,True,False,False,False,119,90
False,138,ShopSimpleJoy,6873,387007536,42.75,,False,False,True,False,29887,294
False,137,MinnimAccessories,196,569648525,99.0,,True,False,False,False,923,81
False,136,RedMaus,496,475992620,79.0,,True,False,True,False,3119,37
False,135,JoyfulMoose,10266,457287928,13.45,,True,False,False,False,49129,455
