ad,position,shop,shop_reviews,listing_id,price,sale,free_shiping,bestseller,more_colors,limited_stock,sales,total_items
True,0,CarmelGoldental,190,515830941,258.0,,True,False,True,False,719,88
True,128,RKEmbroideryBoutique,1480,785447496,16.95,,True,False,True,False,7654,1229
False,3,TotesBurlap,1153,521473311,26.09,28.99,True,False,True,False,9739,79
False,5,ArielleCreaLoisirs,558,543536021,31.55,,False,True,False,False,4458,138
False,4,christystudio,10056,84266535,41.3,59.0,False,False,False,False,33095,80
True,2,Handmadebags39,0,785476786,149.59,,True,False,False,False,,3
True,1,PMEVibes,0,783791604,38.0,,True,False,True,False,,39
False,182,BrothersGibson,8,494166135,280.0,,False,False,False,False,21,1
False,181,LUSCIOUSLEATHERNYC,3053,229051322,725.0,,True,False,False,False,10738,425
False,125,DepartamentStore,28,460471410,146.48,,True,False,False,False,127,27
False,123,Imunde,118,493137114,155.49,,False,False,False,False,453,277
False,184,LeatherDesignStudio,458,293523159,107.1,119.0,True,False,False,False,1476,141
False,126,queserabags,93,254785891,100.28,,True,False,False,False,560,138
False,183,80sStyleBags,142,270693151,193.45,322.41,True,False,False,False,745,304
False,180,LadyBirdesign,801,179589598,277.2,396.0,False,False,True,False,3248,301
False,122,byNizzo,170,160440814,145.35,,False,False,False,True,1025,32
False,121,ItalianHandbags,323,478409347,338.03,,True,False,True,False,1487,519
True,50,EvenOddCreative,111,240960285,210.0,,True,False,False,False,482,6
False,51,maraimarai,25,244943127,135.21,,False,False,False,False,92,10
False,179,TForevers,10,555805069,445.07,,True,False,True,False,79,12
False,52,SolidLeatherCo,824,242118867,425.0,,True,False,True,False,3659,64
True,177,79street,298,694143044,188.53,235.66,True,False,False,False,895,71
False,120,Davikalove,129,224562810,201.69,,True,False,False,False,390,77
False,191,kaaberlin,1859,294677715,246.76,,False,False,False,False,618,124
False,189,FreerangersVeganFoot,22,505215484,174.1,,False,False,False,False,138,34
False,190,ByAdeline,46,224897348,360.0,,True,False,False,False,202,128
False,63,BearGallery,290,478852091,350.0,,True,False,False,False,1159,215
False,62,Lovecheerboutique,194,501293004,120.0,,False,False,True,False,1125,321
False,61,Smadars,564,525749627,191.25,225.0,False,False,False,False,1700,52
False,59,OdiLynch,691,515758404,127.68,,False,False,False,True,2676,425
False,58,Albertinaboutique,162,275407086,329.0,,True,False,False,False,531,21
False,185,BoroughEngland,0,456116974,232.14,,False,False,False,False,2,1
False,127,InnesBags,371,216670667,191.66,212.96,False,False,False,False,1676,86
False,187,TEAMDDESIGNS,565,495449991,110.49,,True,False,True,False,3904,75
False,57,FirenzeBags,864,550485890,168.5,337.0,True,False,True,False,5823,129
False,56,Sobivarto,163,256266029,120.0,,False,False,True,False,638,7
False,186,JungleTribe,2672,525906439,252.75,337.0,True,False,False,False,11124,275
False,115,UpcycledDenimShop,50,265097305,123.85,,False,False,False,False,221,35
False,119,olafelt,23,500149450,190.0,,True,False,False,False,42,33
False,46,Rambag,882,198391726,109.62,,True,False,False,False,4052,81
False,44,NAMANAbags,53,239342036,161.0,,False,False,True,False,267,83
False,191,CloLouiseDesigns,245,385796628,25.79,,False,False,False,False,1582,29
False,43,AttaStudio,0,529014669,129.0,,True,False,False,False,157,35
False,190,Treasurecaravan,33,280488746,115.0,,False,False,False,True,128,644
False,118,FourLoves,1843,465327161,54.5,,True,False,True,False,9362,127
False,175,InconnuLAB,0,245901034,106.35,,False,False,True,False,535,72
False,61,DoubleBMonograms,4958,387649714,24.46,34.95,False,False,True,False,22820,326
False,173,PAGURDESIGN,180,245731753,149.0,,False,False,False,False,814,123
False,171,MyCottonHouse,256,242653400,184.42,,True,False,False,False,1069,254
False,172,tinytulip,1282,495091721,100.0,,True,False,True,False,7297,171
False,170,Marinsss,263,93268485,110.0,,True,False,False,False,736,111
False,110,keeppacks,46,449861260,108.0,,False,False,False,False,248,22
False,187,iCreate369,163,552021209,49.95,,True,False,False,False,1303,66
False,186,MissTessyShop,132,510043002,49.58,,True,False,False,False,317,119
False,185,MotherEarthTreasure,221,291982119,38.69,77.38,False,False,False,False,955,132
True,112,JescoRev,41,738774291,11.99,,True,True,False,False,222,3
False,59,AlbanBikeBags,325,262746724,83.83,,True,False,False,False,2611,27
False,111,GoArmyVintage,86,274611208,12.9,,False,False,False,True,593,181
False,109,CampusConnection,2467,459727994,52.0,,True,False,True,False,15857,71
False,169,TahelSadot,446,266614674,114.0,,True,False,True,False,2049,398
False,167,Pomkatoo,0,508924514,145.0,,True,False,False,False,17,22
False,109,KiliDesign,245,289571297,275.2,344.0,True,False,True,False,893,42
False,168,littleoddforest,1583,497047058,119.0,,True,False,False,False,3283,260
False,108,StevenHarkinHandBags,21,471432125,806.04,,True,False,False,False,84,62
False,107,sarahvanoosterom,34,258012454,255.9,,False,False,False,False,104,65
False,32,S0NDERKRAFTS,142,541217141,122.52,,False,False,False,False,818,3
True,36,LATIKACREATIONS,84,770513579,107.04,,True,False,False,True,516,70
False,182,SweetSewnVirginia,46,223006174,15.0,,False,False,True,False,219,19
False,184,HoneysuckleandLime,590,503773316,35.89,,False,False,False,False,3132,32
False,180,Frenchbaskets,1048,276059230,56.0,,True,False,False,False,8279,156
False,108,Toddletags,1279,160993236,5.95,,False,False,True,False,5688,375
False,107,ItsyBitsyWear,2210,449718884,20.8,26.0,True,False,False,False,14139,426
False,106,Celmonster,146,501873286,91.99,114.99,True,False,True,False,488,192
False,105,CreativeCo1520,305,538125202,12.99,,False,False,True,False,2234,111
False,104,TinyRoseBoutique,3400,469458729,24.5,,False,True,True,False,14514,185
False,56,SUNSTONESEA,74,242067213,42.0,,True,False,False,True,355,16
False,54,RedElephantClothing,6794,154224001,15.95,,True,False,False,False,32354,506
False,163,ReprisedVintage,76,558081834,116.07,154.76,False,False,False,False,248,154
False,161,RadkaFashion,6,478998523,379.72,,True,False,False,False,18,48
False,55,fourbugsinarug,7041,387525886,16.2,18.0,False,False,True,False,38864,166
True,100,DaivaArt0,6,741038843,270.42,,False,False,False,False,33,108
True,178,LeatherHandbagsLT,0,633972530,121.6,152.0,True,False,False,False,13,17
True,177,KhaliKhutta,247,661116001,70.93,,True,False,True,False,1293,10
False,31,LindenLeatherCo,758,479881055,225.69,451.38,False,False,False,False,3540,118
True,50,QuokkatheLabel,0,767119639,129.61,,False,False,False,True,3,4
True,102,LahliDE,6,654044962,73.24,,False,False,False,True,19,148
False,51,AliveClothingShirts,69,463316251,14.2,,False,False,False,False,551,70
True,49,IndigoDesignBags,34,612661037,89.01,,True,False,False,False,112,30
False,99,PandaUA,610,551599120,84.0,140.0,True,False,True,False,3629,284
False,159,SamakLeder,41,227703232,144.23,,True,False,False,True,187,24
False,157,ScandaloAlSole,630,196241579,149.73,166.37,False,False,False,False,4350,119
False,156,MoonshineLeather,325,449860862,157.25,185.0,True,False,True,False,1493,407
False,160,aeliasandals,287,287369361,170.0,,True,False,False,True,1470,172
False,97,NicheLane,128,473801136,206.35,,False,False,False,False,704,32
False,95,BagamoBags,2075,166523319,101.3,,True,False,False,False,1427,284
False,98,CyanByMiriWeiss,363,237811347,295.76,347.95,True,False,False,False,1343,276
True,26,ChristinaChristiJls,2112,718676004,128.9,161.13,True,False,True,False,16400,925
True,25,TimeResistance,1727,687811453,210.0,,True,True,True,False,9568,122
False,175,MUNIshop,602,499384308,55.0,,True,False,False,True,2063,72
False,173,SHOPBAGsUA,339,564321965,122.4,136.0,False,False,True,False,1538,60
False,172,PersonalStitchGifts,2637,508994751,29.0,,True,False,True,False,12578,115
False,171,mussleathersUY,43,542042840,310.0,,True,False,False,False,185,69
False,47,hannisch,233,271030395,31.54,,False,False,False,False,2078,310
False,44,PrettyPersonalGifts,4928,552818059,28.5,,False,False,True,False,29085,413
True,153,NaturallyUseful,25,785314102,174.1,,False,False,False,False,148,31
True,152,JanoDave,0,788568983,161.24,179.15,True,False,False,False,,21
False,19,ViewInRain,0,280156292,118.69,,False,False,False,True,232,9
True,90,LFantasy,141,644751757,100.39,111.55,True,False,False,False,668,118
False,21,LeatherStrata,492,499781898,150.37,176.9,False,False,False,False,2633,328
False,18,AmaraCollective,465,505881895,257.92,,False,False,False,False,1869,63
False,16,RuthKraus,475,234750124,152.0,,True,False,False,True,2519,214
False,169,VitalSignsNW,1817,255894358,40.0,,True,False,True,False,10795,423
False,167,CloudsplitterBags,509,245862220,6.99,,False,False,False,False,6949,19
False,170,BeYouApparelLLC,7690,225097788,13.25,,True,True,True,False,47738,589
False,168,StitchNOLABoutique,5591,214349295,22.5,,False,False,True,False,24811,3164
False,41,DarkKnightArmoury,1989,194266043,45.0,,False,False,True,False,7376,416
True,166,PamporaBags,193,674879670,184.89,205.43,True,False,False,False,763,93
False,42,FallenStarCoutureInc,26012,387102968,22.73,,True,False,False,False,126667,421
True,89,BaltimoreBagCompany,0,793837117,150.0,,True,False,False,False,1,6
False,39,PoshyKids,1165,523068574,37.5,,True,False,False,False,6691,40
False,150,Nubuckcuir,390,463347929,229.86,,True,False,False,False,1615,87
False,148,KrukGarageAtelier,439,232848980,239.4,342.0,False,False,True,False,2129,135
False,86,FidelioBags,559,244407348,202.76,,True,False,False,True,2269,14
True,88,inblue,15996,779617427,160.0,200.0,True,False,True,False,70482,158
False,11,TheLeatherExpert,2365,271279699,166.8,278.0,True,False,True,False,13062,99
False,161,heartmelter,1750,239722697,29.95,,False,False,True,False,6536,43
True,88,PhestynAtelier,32,589088181,135.0,,False,False,False,True,137,25
True,37,Disappointmentdesing,0,799348161,40.56,,False,False,False,False,1,56
False,35,FernEllieCreation,863,519112534,59.95,,True,False,False,False,5008,69
False,146,treesizeverse,1567,103241322,185.58,206.2,False,False,False,False,6299,196
False,144,INTERICON,70,278425834,149.0,,True,False,True,False,236,46
True,142,FlotoBags,414,637838442,211.65,249.0,True,False,False,False,2635,239
False,84,kokosina,341,161094517,111.55,,False,False,False,False,1824,107
False,9,Tram21,576,260922518,220.85,,False,False,False,False,2911,40
False,81,maykobags,1330,539434172,199.2,249.0,True,False,True,False,7664,462
False,158,MAHILeather,1284,226045860,142.18,189.58,True,False,False,False,8261,292
False,159,AlmiCrafts,62,547669650,112.0,,False,False,False,True,190,25
False,156,JaniceDesign,381,488974670,69.75,93.0,True,False,False,False,2176,27
False,157,MonogramandmoreShop,170,533397182,9.99,,False,False,True,False,1198,95
False,34,LaceyRaeDesigns,1619,291629657,24.99,,False,False,True,False,8666,705
True,77,SlaterBasketry,61,780815118,170.0,,True,False,False,True,235,4
True,154,HimalayaHandmadeLLC,12,781926180,32.0,,True,False,False,False,87,280
True,76,PackbackDesigns,15,749139016,225.0,,True,False,False,False,51,64
True,140,LimorGalili,525,797064927,312.0,,True,False,True,False,2099,666
False,32,BBEShop,279,510618553,117.0,130.0,True,False,True,False,1223,150
True,153,RosieLynnDesigns,544,771605052,24.95,,False,True,True,False,2205,134
False,151,WoodwardsLeather,0,480474482,154.76,,False,False,True,False,63,20
True,152,SweetPennyLynns,395,692445614,24.95,,True,False,False,False,2605,214
True,78,AdventureTrailsMkt,926,785420206,45.72,,True,False,True,False,5415,51
False,30,MIRUGB,56,514067087,64.47,,True,False,False,False,234,2
True,76,HannahCanvasDesign,2,781160143,29.0,,False,False,True,False,20,25
True,77,BagDoRi,446,179558162,75.9,,False,False,False,True,2595,43
False,134,CreaturesofDelight,43,116837371,125.0,,False,False,True,True,98,175
False,28,BokzimBag,141,272076668,38.0,,False,False,False,False,795,71
False,29,Oliday,1446,116463849,105.82,124.5,True,False,False,False,8772,25
False,133,Velotton,24,253551553,184.79,,True,False,False,False,122,30
False,132,InkAndPlumeUA,25,554420853,146.0,,True,False,True,False,73,25
False,72,daphnenen,1529,254327970,115.0,,True,False,False,False,4175,192
False,73,Babak1995,518,535252923,154.0,308.0,False,False,True,False,2338,303
False,71,Nordhale,10,521821693,115.38,144.23,True,False,False,False,64,34
False,70,thetogbag,9,523312494,154.75,193.44,False,False,True,False,90,6
False,148,EdwardsPrint,351,261550959,5.78,19.28,False,False,True,False,2529,42
False,147,MonogrammedKidsPoshy,2092,537069047,29.9,,False,False,False,False,12981,36
False,145,VitaGordievska,36,482106766,400.0,,True,False,False,False,118,90
False,71,QuiltsByChel,210,535112827,22.05,24.5,False,False,True,False,1019,29
False,73,Whynotstopnshop,9106,256149934,24.95,,True,False,True,False,45357,1088
False,72,thepersonalisers,546,534773604,23.21,,False,False,False,False,5397,1726
True,25,TheWhimsicalMystic,0,799283697,50.0,,False,False,False,False,1,12
False,23,TaylorHeUK,196,293624267,32.24,,False,False,False,False,1801,92
False,21,kutekiddo,6597,238354580,22.49,,False,True,True,False,34308,101
False,22,Badimyon,663,253168177,84.15,99.0,True,False,False,False,3019,175
False,131,ElenaCarew,60,239572931,103.5,115.0,True,False,True,False,333,44
False,70,AntiqueTransylvania,218,258506863,47.6,68.0,False,False,False,False,1126,422
False,69,vayabags,128,184061392,189.0,,False,False,False,False,482,34
True,129,republicofflorence,2,781224136,157.63,185.44,True,False,False,False,17,118
False,68,iyiamihandbags,1407,170530431,136.0,,False,False,False,False,3194,168
False,67,bRucksack,13,216236101,100.0,,True,False,False,False,34,26
True,66,PLGdesigns,191,777895642,239.25,319.0,True,False,True,False,781,403
True,65,ReefKnotBags,43,257895012,166.76,208.45,True,False,False,False,295,34
True,141,ProudLondonStore,394,709440060,38.35,45.13,False,False,False,False,4165,260
False,144,Stasukan,385,499911226,125.0,138.89,True,False,True,False,1657,196
True,142,EverythingCosplay,48,762999437,200.0,,True,False,True,False,224,28
True,140,TwoHappyLife,48,799070119,27.0,,True,False,False,False,447,148
False,69,DrinaCrafts,215,524719834,157.75,225.35,False,False,False,False,704,46
False,68,mediumcontrol,5706,79569476,51.0,,True,False,False,False,29240,836
True,66,GreenBlueberryGifts,102,799355081,19.99,,False,False,False,False,568,680
False,67,HarvestUA,172,512208766,68.0,75.56,True,False,True,False,913,237
False,16,KOVEREDUK,1820,276506516,101.55,145.07,False,False,False,False,9852,12
False,17,LolaDarlingDesigns,5324,196775734,24.0,,True,False,True,False,26141,137
False,18,FirstfruitCrafts,251,531968572,20.0,,False,True,False,False,1170,54
True,128,CanopyVerde,460,477402976,161.1,179.0,True,False,True,False,2818,59
False,134,SaltwaterPrep,2417,244748991,23.0,,True,False,True,False,11668,40
True,13,FRITZLIMITLESS,0,799391641,157.75,,True,False,False,False,,4
True,64,ExclusiveAviationPix,164,720339179,62.99,89.99,True,False,False,False,1715,646
False,137,MinnimAccessories,196,569648525,99.0,,True,False,False,False,922,81
True,14,ElliaBags,23,730483622,125.92,,False,False,False,True,69,49
True,12,CollDesigns,0,785259318,56.33,,True,False,False,False,2,48
False,11,ShopSimpleJoy,6870,545605043,27.75,,False,False,False,False,29873,294
False,10,Backpacks4Friends,559,263269599,229.86,,True,True,True,False,2056,81
False,138,JoyfulMoose,10265,457287928,13.45,,True,False,False,False,49120,455
False,133,ArmyForceGear,789,505288840,39.99,,False,False,True,False,4147,228
False,131,SoSewPreciousGifts,957,508336223,18.04,,False,False,False,False,7265,424
True,130,GOmessengerbags,24,614357076,84.51,,True,False,False,False,113,173
False,132,ArisBag,257,484426661,60.85,,False,False,True,True,1117,136
False,9,Otomiartesanal,61,243760483,55.14,,False,False,True,False,268,9
True,129,HidesHandcrafted,700,645987028,157.57,262.61,False,False,True,False,4527,241
False,8,TheCuriousCatbird,3778,76851390,22.5,,False,False,True,False,17677,139
False,6,RedMaus,496,488795617,79.0,,True,True,True,False,3117,38
False,7,SimplyCustomLife,1383,536467560,34.0,40.0,False,False,True,False,10345,2204
