ad,position,shop,shop_reviews,listing_id,price,sale,free_shiping,bestseller,more_colors,limited_stock,sales,total_items
True,64,Liodu,0,778096810,90.0,,True,False,False,False,2,5
False,68,FirstfruitCrafts,248,531968572,20.0,,False,True,False,False,1163,54
False,69,HarvestUA,172,512208766,68.0,75.56,True,False,True,False,913,236
True,66,BooBooFaceStudio,0,784060212,51.0,,True,False,False,False,,14
True,0,Blkknf,0,783893358,250.0,,True,False,False,False,4,3
True,65,MAASCOLLECTIONS,3,784089740,24.99,,True,False,False,False,38,41
False,67,Smadars,563,525749627,191.25,225.0,False,False,False,False,1699,53
False,74,SimplyCustomLife,1366,539395118,40.0,,True,False,True,False,10250,2194
False,73,thepersonalisers,542,534773604,23.42,,False,False,False,False,5379,1727
False,3,CarmelGoldental,190,213170398,188.0,,True,False,False,True,719,87
False,70,DrinaCrafts,215,524719834,158.41,226.3,False,False,False,False,703,46
False,72,mediumcontrol,5701,79569476,51.0,,True,False,False,False,29223,836
True,78,SHOPBAGsUA,337,561570329,149.0,,True,False,True,False,1534,57
False,168,CloudsplitterBags,509,245862220,6.99,,False,False,False,False,6946,19
True,128,InSunt,443,524436017,97.2,108.0,True,False,False,False,1665,127
True,77,ChristinaChristiJls,2085,600925847,124.92,156.14,True,False,False,False,16247,922
False,71,AntiqueTransylvania,218,258506863,47.6,68.0,False,False,False,False,1121,423
False,190,iCreate369,163,552021209,49.95,,True,False,False,False,1303,65
False,189,MissTessyShop,132,510043002,49.79,,True,False,False,False,316,120
True,60,Borsaio,5,667441619,45.26,,True,False,True,False,24,7
False,62,DoubleBMonograms,4956,387649714,24.46,34.95,False,False,True,False,22806,326
False,63,LeatherStrata,492,499781898,177.64,,False,False,False,False,2629,328
True,188,SolisLeatherCompany,64,749753327,109.5,219.0,False,False,False,False,325,37
False,187,MotherEarthTreasure,220,291982119,78.05,,False,False,False,False,951,133
False,186,HoneysuckleandLime,590,503773316,35.81,,False,False,False,False,3130,32
False,185,LaceyRaeDesigns,1606,291629657,24.99,,False,True,True,False,8610,705
False,59,Otomiartesanal,61,243760483,56.79,,False,False,True,False,261,11
False,58,AlbanBikeBags,323,262746724,84.56,,True,False,False,False,2606,27
False,57,ViewInRain,0,280156292,118.76,,False,False,False,True,232,9
False,55,SUNSTONESEA,74,242067213,42.0,,True,False,False,True,355,16
False,184,NicheLane,128,519478438,136.59,227.66,False,False,True,False,704,31
False,183,MyvintagebagCo,46,545563412,75.44,,True,False,False,False,338,12
False,181,SweetSewnVirginia,46,223006174,15.0,,False,False,True,False,219,19
False,180,FidelioBags,558,244407348,214.92,,True,False,False,True,2267,11
False,54,hannisch,215,271030395,31.67,,False,False,False,False,1965,308
True,50,NokHoo,19,223296718,149.0,,True,False,False,False,64,4
False,52,AliveClothingShirts,69,463316251,14.26,,False,False,False,False,548,70
False,51,TashisTreasure,104,512338328,35.0,,True,False,False,False,1120,114
True,177,BackpackGh,0,788556429,62.64,,True,False,False,False,6,1
False,53,RuthKraus,475,234750124,152.0,,True,False,False,True,2519,215
True,176,Pixinc,0,773631578,129.5,259.0,True,False,False,False,,5
False,175,Nubuckcuir,390,545729644,191.22,,True,False,False,False,1615,85
True,49,Watershedbrand,30,778229308,45.53,,True,False,False,True,329,62
False,174,mussleathersUY,43,542042840,310.0,,True,False,False,False,185,69
True,48,iRichLeather,39,571638472,128.0,,True,False,True,False,131,225
False,46,RedElephantClothing,6781,154224001,15.95,,True,False,False,False,32290,509
False,47,PrettyPersonalGifts,4918,552818059,28.5,,False,False,True,False,28998,413
False,45,DarkKnightArmoury,1987,194266043,45.0,,False,False,True,False,7363,416
False,126,VitalSignsNW,1812,239161781,35.0,,True,False,True,False,10771,422
False,125,INTERICON,70,278423656,149.0,,True,False,True,False,236,46
False,173,PersonalStitchGifts,2626,508994751,29.0,,True,False,True,False,12551,112
False,172,SoSewPreciousGifts,951,508336223,18.2,,False,False,False,False,7196,418
False,44,ChaChaChaStore,88,532876820,42.93,,False,False,False,False,486,210
False,170,BagDoRi,446,114367122,62.5,,False,False,False,True,2594,43
False,42,BananaBelle23,728,527618354,13.0,,False,True,True,False,2945,13
False,171,StitchNOLABoutique,5575,214349295,22.5,,False,False,True,False,24771,3240
False,41,FallenStarCoutureInc,25990,387102968,22.73,,True,False,False,False,126541,419
False,123,LeatherDesignStudio,456,293523159,107.1,119.0,True,False,False,False,1457,143
False,122,FourLoves,1837,465327161,54.5,,True,False,True,False,9323,127
False,121,Frenchbaskets,1047,276059230,56.0,,True,False,False,False,8266,155
False,119,GoArmyVintage,85,274611208,13.01,,False,False,False,True,585,181
False,120,CampusConnection,2467,459727994,52.0,,True,False,True,False,15854,71
True,165,Akikap,13,763599359,37.34,,True,False,False,False,90,29
True,166,GoldenGator,1894,615676555,34.9,,False,False,False,False,11631,242
False,167,heartmelter,1749,239722697,29.95,,False,False,True,False,6534,43
True,164,four10clothing,156,624382617,10.0,,True,False,False,False,1718,108
False,39,LolaDarlingDesigns,5321,196775734,24.0,,True,False,True,False,26087,137
True,38,republicofflorence,2,795109263,178.39,,True,False,False,False,16,119
False,117,FernEllieCreation,863,511974021,64.95,,True,False,False,False,5000,70
False,118,TotesBurlap,1150,521473311,26.09,28.99,True,False,True,False,9665,79
False,115,ItsyBitsyWear,2209,449718884,20.8,26.0,True,False,False,False,14090,396
False,116,CyanByMiriWeiss,363,264805179,291.61,343.07,True,False,False,False,1341,277
False,160,MAHILeather,1284,226045860,191.23,,True,False,False,False,8254,292
False,162,AlmiCrafts,62,547669650,112.0,,False,False,False,True,190,25
False,159,MonogramandmoreShop,170,533397182,9.99,,False,False,True,False,1196,95
True,36,StationeryGoddess,0,797981159,17.99,,False,False,False,False,,5
False,33,BokzimBag,141,272076668,38.0,,False,False,False,False,795,71
True,113,Finickbag,8,574033527,125.0,,True,False,True,False,46,9
False,32,fourbugsinarug,7032,387525886,16.2,18.0,False,False,True,False,38772,167
False,110,Toddletags,1279,160993236,5.95,,False,False,False,False,5685,373
False,111,KrukGarageAtelier,434,232915828,214.2,306.0,False,False,False,False,2124,122
False,109,kokosina,341,161089655,134.65,,False,False,False,False,1824,107
True,112,PamporaBags,190,674879670,185.66,206.29,True,False,False,False,755,93
False,157,ArmyForceGear,782,505288840,39.99,,False,False,True,False,4134,229
False,156,SaltwaterPrep,2414,244748991,23.0,,True,False,True,False,11648,43
False,30,AmaraCollective,458,505881895,260.17,,False,False,False,False,1861,63
False,108,Celmonster,145,501873286,91.99,114.99,True,False,True,False,478,192
True,154,olpr,3782,686920281,127.8,213.0,True,False,True,False,16635,440
False,107,JaniceDesign,380,488974670,57.0,76.0,False,False,False,False,2174,27
False,106,CreativeCo1520,304,538125202,12.99,,False,False,True,False,2205,110
True,152,KensLittleGiftShop,28,715973385,31.95,,False,False,False,False,219,31
False,151,ArisBag,257,484426661,61.1,,False,False,True,True,1115,136
False,149,WoodwardsLeather,0,480474482,156.11,,False,False,True,False,63,20
True,25,personalizedgiftsbyk,1859,641778841,27.55,45.91,False,False,True,False,16611,1625
True,102,HAREMLEATHER,0,790690831,49.0,,False,False,False,False,,23
True,100,KisimBags,103,679820380,145.0,,False,False,False,False,617,58
True,24,BBEShop,278,510614151,130.0,,True,True,True,False,1211,151
True,101,HidesHandcrafted,697,723361825,240.05,400.09,False,False,True,False,4489,241
False,103,PandaUA,605,551599120,84.0,140.0,True,False,False,False,3592,286
False,99,Whynotstopnshop,9096,256149934,24.95,,True,False,True,False,45307,1088
False,19,TaylorHeUK,196,293624267,32.52,,False,False,False,False,1790,92
False,18,Backpacks4Friends,557,263269599,230.82,,True,True,True,False,2053,82
False,96,MIRUGB,56,500134212,58.53,,True,False,False,False,234,2
False,20,christystudio,10053,84266535,41.3,59.0,False,False,False,False,33085,82
False,98,Oliday,1446,457111524,105.82,124.5,True,False,False,False,8768,25
False,97,maykobags,1330,539434172,199.2,249.0,True,False,True,False,7663,466
False,95,kutekiddo,6589,53075559,22.49,,False,False,True,False,34257,101
False,93,TheCuriousCatbird,3774,76540482,22.5,,False,False,True,True,17664,139
False,16,ArielleCreaLoisirs,555,543536021,31.68,,False,True,False,False,4443,142
True,90,KOVEREDUK,1820,276506516,102.43,146.34,False,False,False,False,9850,13
False,92,EdwardsPrint,351,226613017,20.75,,False,False,True,False,2529,42
False,134,CloLouiseDesigns,245,468597581,20.81,,False,False,False,False,1576,28
True,89,CastleCoShop,1526,515588732,59.95,,True,True,False,False,7477,144
True,12,AnimalLuvrZ,17,714010493,49.99,,True,False,True,False,253,476
False,87,Stasukan,380,515248788,129.0,258.0,True,False,True,False,1647,193
True,88,InCarneLeather,66,614971434,152.0,,True,False,True,False,205,36
False,85,ShopSimpleJoy,6852,387007536,42.75,,False,False,True,False,29794,295
False,133,S0NDERKRAFTS,142,541217141,123.59,,False,False,False,False,818,3
False,84,PoshyKids,1157,523068574,37.5,,True,False,False,False,6681,40
False,7,MonogrammedKidsPoshy,2087,531939354,29.9,,False,True,False,False,12970,36
True,129,79street,294,663157778,188.53,235.66,True,False,False,False,880,71
False,5,QuiltsByChel,205,535112827,22.05,24.5,False,False,False,False,1000,28
False,6,TinyRoseBoutique,3391,469458729,24.5,,False,True,True,False,14500,179
False,132,LindenLeatherCo,750,479881055,227.66,455.31,False,False,False,False,3532,118
False,4,LimorGalili,525,261617135,249.6,312.0,True,False,True,False,2099,666
False,83,Tram21,575,260922518,221.77,,False,False,False,False,2910,40
False,82,Badimyon,663,259663784,99.0,,True,False,False,False,3017,169
False,80,VitaGordievska,36,528242117,300.0,,True,False,False,False,117,90
False,81,MinnimAccessories,196,569648543,85.0,,True,False,True,False,921,79
False,79,RedMaus,495,488795617,79.0,,True,True,True,False,3112,38
True,76,TimeResistance,1722,238240989,188.8,236.0,True,False,True,False,9533,113
False,75,JoyfulMoose,10260,457287098,13.45,,True,False,False,False,49062,457
