ad,position,shop,shop_reviews,listing_id,price,sale,free_shiping,bestseller,more_colors,limited_stock,sales,total_items
True,0,BoorbonLeather,2,798378093,80.0,,False,False,True,False,13,53
False,70,DrinaCrafts,215,524719834,158.48,226.4,False,False,False,False,703,46
False,68,Otomiartesanal,61,243760483,56.21,,False,False,True,False,261,11
True,65,RatemoBrand,1,740122388,39.99,,False,False,False,False,10,16
True,66,DuskShop,0,798259923,179.99,,True,False,False,False,2,14
True,64,BBEShop,278,510614151,117.0,130.0,True,False,True,False,1215,150
False,69,DoubleBMonograms,4957,387649714,24.46,34.95,False,False,True,False,22808,326
False,67,LeatherStrata,492,499781898,151.06,177.72,False,False,False,False,2629,328
True,128,PAPEROBags,17,640515464,88.86,,True,False,True,False,92,6
True,1,TimeResistance,1722,687811453,168.0,210.0,True,False,True,False,9540,113
False,74,RedMaus,495,475992620,79.0,,True,False,True,False,3112,38
False,71,HarvestUA,172,512208766,68.0,75.56,True,False,True,False,913,237
False,72,mediumcontrol,5702,79569476,51.0,,True,False,False,False,29231,836
False,133,VitalSignsNW,1813,239161781,35.0,,True,False,True,False,10772,422
False,62,AlbanBikeBags,325,262746724,84.49,,True,False,False,False,2607,27
False,132,ArisBag,257,484426661,61.13,,False,False,True,True,1115,136
False,73,AntiqueTransylvania,218,258506863,47.6,68.0,False,False,False,False,1122,421
False,187,Treasurecaravan,33,280488746,115.0,,False,False,False,True,128,653
True,188,LyuromStudio,10,782509706,190.0,,True,False,False,False,22,46
False,185,LaceyRaeDesigns,1609,291629657,24.99,,False,False,True,False,8619,706
False,59,ViewInRain,0,280156292,118.74,,False,False,False,True,232,9
False,61,ChaChaChaStore,88,532876820,42.9,,False,False,False,True,486,213
False,184,iCreate369,163,552021209,49.95,,True,False,False,False,1303,65
False,56,SUNSTONESEA,74,242067213,42.0,,True,False,False,True,355,16
False,182,MotherEarthTreasure,220,291982119,77.99,,False,False,True,False,954,131
False,181,HoneysuckleandLime,590,503773316,35.89,,False,False,False,False,3130,32
False,179,NicheLane,128,519478438,136.49,227.48,False,False,True,False,704,32
False,54,RuthKraus,475,234750124,152.0,,True,False,False,True,2519,215
False,55,hannisch,219,271030395,31.68,,False,False,False,False,1993,342
False,126,S0NDERKRAFTS,142,541217141,123.49,,False,False,False,False,818,3
False,53,RedElephantClothing,6782,154224001,15.95,,True,False,False,False,32304,509
False,127,CloLouiseDesigns,245,468597581,20.8,,False,False,False,False,1576,28
False,52,AliveClothingShirts,69,463316251,14.26,,False,False,False,False,548,70
True,124,LuxusMarrakesch,0,797519139,85.47,,True,False,False,False,,12
True,177,LeatherHandbagsLT,0,653880677,121.6,152.0,True,False,False,False,13,17
True,178,SolisLeatherCompany,64,749753327,109.5,219.0,False,False,False,False,325,37
False,125,LindenLeatherCo,752,479881055,227.48,454.96,False,False,False,False,3533,118
False,174,SweetSewnVirginia,46,223006174,15.0,,False,False,True,False,219,19
False,175,FidelioBags,558,244407348,215.02,,True,False,False,True,2268,11
False,173,SHOPBAGsUA,339,564321965,122.4,136.0,False,False,True,False,1534,59
False,51,TashisTreasure,104,512338328,35.0,,True,False,False,False,1120,114
True,50,Ultralitesacks,147,666265536,18.0,,False,True,True,False,1693,14
False,121,INTERICON,70,278423656,149.0,,True,False,True,False,236,46
False,47,AmaraCollective,461,505881895,259.96,,False,False,False,False,1861,63
False,120,FourLoves,1840,465327161,54.5,,True,False,True,False,9328,127
False,119,TinyRoseBoutique,3392,469458729,24.5,,False,True,True,False,14502,178
False,118,CyanByMiriWeiss,363,264805179,293.88,345.75,True,False,False,False,1341,276
False,171,PersonalStitchGifts,2629,508994751,29.0,,True,False,True,False,12561,109
False,170,mussleathersUY,43,542042840,310.0,,True,False,False,False,185,69
False,172,Nubuckcuir,390,545729644,191.31,,True,False,False,False,1615,86
False,167,BagDoRi,446,114367122,62.5,,False,False,False,True,2595,43
False,168,Frenchbaskets,1047,276059230,56.0,,True,False,False,False,8269,155
False,46,QuiltsByChel,205,535112827,22.05,24.5,False,False,True,False,1004,29
False,169,StitchNOLABoutique,5584,214349295,22.5,,False,False,True,False,24786,3165
False,45,DarkKnightArmoury,1987,194266043,45.0,,False,False,True,False,7365,416
False,117,GoArmyVintage,86,274611208,13.0,,False,False,False,True,587,183
False,42,FallenStarCoutureInc,25994,387102968,22.73,,True,False,False,False,126565,421
True,114,Glitchgear,0,775055540,34.99,,False,False,False,True,189,6
False,116,CampusConnection,2467,459727994,52.0,,True,False,True,False,15855,71
False,115,KrukGarageAtelier,436,232915828,214.2,306.0,False,False,True,False,2125,122
True,166,Finickbag,8,574033527,125.0,,True,False,True,False,46,9
True,164,ThistleForest,0,797285051,44.0,,True,False,False,False,3,27
False,163,CloudsplitterBags,509,245862220,6.99,,False,False,False,False,6947,19
True,165,79street,295,663157778,188.53,235.66,True,False,False,False,883,71
False,161,heartmelter,1749,239722697,29.95,,False,False,True,False,6536,43
True,37,AkitaWorld,0,781295380,47.99,,True,False,False,False,,17
False,40,FirstfruitCrafts,249,531968572,20.0,,False,True,False,False,1164,54
True,36,CastleCoShop,1526,515588732,59.95,,True,False,False,False,7483,143
False,111,FernEllieCreation,863,511974021,64.95,,True,False,False,False,5000,70
False,110,ItsyBitsyWear,2209,449718884,20.8,26.0,True,False,False,False,14105,392
False,109,Toddletags,1279,160993236,5.95,,False,False,True,False,5686,373
False,107,CreativeCo1520,305,538125202,12.99,,False,False,True,False,2214,110
False,108,Celmonster,145,501873286,91.99,114.99,True,False,True,False,480,192
False,160,AlmiCrafts,62,547669650,112.0,,False,False,False,True,190,25
False,156,ArmyForceGear,784,505288840,39.99,,False,False,True,False,4137,229
False,155,MonogramandmoreShop,170,533397182,9.99,,False,False,True,False,1197,95
False,158,MAHILeather,1284,226045860,143.31,191.08,True,False,False,False,8257,292
False,34,LolaDarlingDesigns,5323,196775734,24.0,,True,False,True,False,26094,137
False,33,LLMonograms,3516,509142684,27.95,,False,True,True,False,20739,86
False,31,BokzimBag,141,272076668,38.0,,False,False,False,False,795,71
False,105,kokosina,341,161089655,134.71,,False,False,False,False,1824,107
False,104,PandaUA,607,551599120,84.0,140.0,True,False,True,False,3610,286
True,154,MAASCOLLECTIONS,4,784095232,24.99,,True,False,False,True,47,40
False,151,WoodwardsLeather,0,480474482,155.99,,False,False,True,False,63,20
True,101,LeatherSpirit,31,784131930,66.0,110.0,True,False,True,False,107,76
False,103,Whynotstopnshop,9098,256149934,24.95,,True,False,True,False,45319,1088
True,152,InvolvingMemories,0,783134704,33.0,,False,False,False,False,335,144
True,153,HidesHandcrafted,698,714355950,137.6,229.33,False,False,True,False,4497,241
False,30,JaniceDesign,380,488974670,57.0,76.0,False,False,False,False,2174,27
True,26,personalizedgiftsbyk,1861,641778841,27.55,45.91,False,False,True,False,16619,1622
True,25,BaltimoreBagCompany,0,798232389,55.0,,True,False,False,False,1,6
False,99,thepersonalisers,543,534773604,23.4,,False,False,False,False,5386,1726
False,97,PoshyKids,1159,523938390,29.9,,False,False,False,False,6682,40
False,98,maykobags,1330,539434172,199.2,249.0,True,False,True,False,7663,465
False,95,MIRUGB,56,500134212,58.48,,True,False,False,False,234,2
False,93,KOVEREDUK,1820,290006099,99.62,142.32,False,False,False,False,9851,12
False,21,Oliday,1446,116463849,105.82,124.5,True,False,False,False,8768,25
False,94,TheCuriousCatbird,3775,76540482,22.5,,False,False,True,True,17667,139
True,142,SilvaPerry,0,781697276,54.34,,True,False,False,False,1,6
False,91,CarmelGoldental,190,213170398,188.0,,True,False,False,True,719,87
False,92,EdwardsPrint,351,226613017,20.73,,False,False,False,False,2529,42
True,141,CopalliCollection,0,797980361,65.0,,True,False,False,False,,19
False,19,Backpacks4Friends,557,263269599,230.93,,True,True,True,False,2053,82
True,90,SlaterBasketry,60,780815118,170.0,,True,False,False,True,233,6
True,88,BORABORAs,0,636508220,50.94,,False,False,False,False,1,6
False,18,TaylorHeUK,196,293624267,32.5,,False,False,False,False,1794,92
True,89,iRichLeather,39,571638472,128.0,,True,False,False,False,131,225
True,13,AstriveBrand,0,784476278,44.99,,True,False,False,False,,1
False,134,SaltwaterPrep,2415,244748991,23.0,,True,False,True,False,11650,43
False,85,Tram21,575,261160214,221.87,,False,False,False,False,2911,40
False,86,Stasukan,380,515248788,129.0,258.0,True,False,True,False,1649,191
False,11,LimorGalili,525,261617135,249.6,312.0,True,False,True,False,2099,666
False,83,Badimyon,663,259663784,89.1,99.0,True,False,False,False,3017,169
False,10,fourbugsinarug,7034,387525886,16.2,18.0,False,False,True,False,38791,166
False,84,ShopSimpleJoy,6856,387007536,42.75,,False,False,True,False,29814,295
False,81,VitaGordievska,36,528242117,300.0,,True,False,False,False,117,90
False,131,kutekiddo,6591,238354580,22.49,,False,True,True,False,34259,101
False,82,ArielleCreaLoisirs,555,543536021,31.7,,False,True,False,False,4449,142
True,129,ELEVEN600,1131,599355360,118.86,198.1,True,False,True,False,5454,137
False,7,SoSewPreciousGifts,954,508336223,18.19,,False,False,False,False,7219,418
False,6,PrettyPersonalGifts,4921,552818059,28.5,,False,False,True,False,29024,413
False,5,Mamounes,1443,531286168,11.32,,False,False,True,False,15742,274
False,4,MonogrammedKidsPoshy,2087,531939354,29.9,,False,True,False,False,12978,36
False,80,JoyfulMoose,10264,457287098,13.45,,True,False,False,False,49078,457
False,9,christystudio,10055,84266535,41.3,59.0,False,False,False,False,33088,81
True,77,TheWhimsicalMystic,0,797313611,45.5,,True,False,False,False,1,8
False,79,MinnimAccessories,196,569648543,85.0,,True,False,True,False,921,81
True,78,PamporaBags,191,674879670,185.75,206.38,True,False,False,False,757,93
True,76,ChristinaChristiJls,2089,600925847,124.97,156.21,True,False,False,False,16268,930
False,183,MissTessyShop,132,510043002,49.81,,True,False,False,False,316,120
False,75,SimplyCustomLife,1368,539395118,40.0,,True,False,True,False,10262,2204
False,58,TotesBurlap,1150,521473311,26.09,28.99,True,False,True,False,9679,79
