ad,position,shop,shop_reviews,listing_id,price,sale,free_shiping,bestseller,more_colors,limited_stock,sales,total_items
False,132,S0NDERKRAFTS,142,541217141,122.83,,False,False,False,False,818,3
True,128,KOVEREDUK,1820,276506516,101.81,145.45,False,False,False,False,9851,12
True,129,TimeResistance,1724,229410999,204.8,256.0,True,False,False,False,9549,122
False,131,QuiltsByChel,209,528985365,24.3,27.0,False,False,True,False,1011,29
False,133,LindenLeatherCo,755,479881055,226.27,452.55,False,False,False,False,3536,118
False,136,RedMaus,495,475992620,79.0,,True,False,True,False,3114,38
False,137,SimplyCustomLife,1376,539395118,40.0,,True,False,True,False,10288,2204
False,135,CarmelGoldental,190,232133787,258.0,,True,False,True,False,719,87
False,134,CloLouiseDesigns,245,468597581,20.69,,False,False,False,False,1577,29
True,142,MAASCOLLECTIONS,4,797970683,24.99,,True,False,False,True,54,40
True,141,JFranPhotoDesign,0,751721621,60.49,,True,False,False,False,9,139
True,140,YHMDesigns,160,798739089,55.22,,True,False,False,False,908,620
False,144,INTERICON,70,278425834,149.0,,True,False,True,False,236,46
False,147,MonogrammedKidsPoshy,2088,537069047,29.9,,False,False,False,False,12978,36
False,71,CanopyVerde,460,477402976,179.0,,True,False,True,True,2815,59
True,90,BaglletStore,71,605001927,155.0,,True,False,False,False,366,161
False,74,sarahvanoosterom,34,258012454,253.82,,False,False,True,False,104,65
True,77,JimmyWaxedCanvasBags,19,627589658,149.0,,True,False,False,False,114,22
True,90,Handmadebags7,0,797818039,106.84,,True,False,False,False,,14
False,97,TheLeatherExpert,2354,265349663,166.8,278.0,True,False,True,False,13043,99
False,74,AntiqueTransylvania,218,258506863,47.6,68.0,False,False,False,False,1125,420
False,106,StevenHarkinHandBags,21,471432125,808.12,,True,False,False,False,84,62
False,191,FreerangersVeganFoot,22,505215484,174.55,,False,False,False,False,138,34
False,117,Smadars,563,525749627,191.25,225.0,False,False,False,False,1699,53
False,118,LFantasy,141,474408209,104.78,116.42,True,False,False,False,668,118
False,127,InnesBags,370,216670667,192.27,213.63,False,False,False,False,1675,86
False,125,DepartamentStore,28,460471410,146.94,,True,False,False,False,127,27
False,126,ElenaCarew,60,239572931,103.5,115.0,True,False,True,False,333,44
True,124,ShineInRain,6,773907659,224.94,,True,False,True,False,19,59
False,123,queserabags,93,254785891,100.6,,True,False,False,False,559,136
False,121,ItalianHandbags,323,478409347,339.1,,True,False,True,False,1487,519
False,122,byNizzo,170,160440814,145.81,,False,False,False,True,1024,34
False,119,Imunde,118,493137114,155.99,,False,False,False,False,453,277
False,115,olafelt,23,500149450,190.0,,True,False,False,False,42,33
True,112,MaReOfficinaCreativa,0,776463530,273.54,,True,False,False,False,1,27
False,120,Davikalove,129,224562810,202.33,,True,False,False,False,390,77
False,110,Rambag,882,227035545,129.3,,True,False,False,False,4050,81
False,109,KiliDesign,245,289571297,275.2,344.0,True,False,True,False,892,42
False,108,UpcycledDenimShop,50,265097305,123.2,,False,False,False,False,221,35
False,107,keeppacks,46,449861260,108.0,,False,False,False,False,248,22
False,189,BoroughEngland,0,456116974,232.74,,False,False,True,False,2,1
False,190,TEAMDDESIGNS,565,495449991,110.49,,True,False,True,False,3903,75
False,96,BagamoBags,2075,166523319,101.62,,True,False,False,False,1366,287
True,188,SMBbrand,4,781231757,140.0,280.0,True,False,False,False,12,16
False,187,AfterAugustCo,26,780921349,120.0,,True,False,True,False,103,33
False,185,80sStyleBags,142,270693151,193.95,323.25,True,False,False,False,744,305
True,89,cappeyleather,0,761790504,115.0,,False,False,False,True,,2
True,124,USADEPOTCENTRAL,0,796647469,64.99,,True,False,False,False,9,19
False,183,BrothersGibson,8,494166135,280.0,,False,False,False,False,21,1
False,181,TForevers,10,555805069,446.48,,True,False,True,False,79,12
False,182,LUSCIOUSLEATHERNYC,3053,229051322,725.0,,True,False,False,False,10735,424
False,180,InconnuLAB,0,245901034,105.49,,False,False,True,False,535,72
False,63,ChaChaChaStore,89,532876820,42.67,,False,False,False,True,487,212
False,122,GoArmyVintage,86,274611208,12.93,,False,False,False,True,592,182
False,121,CyanByMiriWeiss,363,264805179,294.22,346.14,True,False,False,False,1341,276
False,120,CampusConnection,2467,459727994,52.0,,True,False,True,False,15855,71
True,178,DragonLeatherCo,3,767798951,150.0,,True,False,False,False,6,28
False,179,LadyBirdesign,801,179589598,277.2,396.0,False,False,True,False,3247,300
False,123,FourLoves,1841,465327161,54.5,,True,False,True,False,9340,125
True,177,OrchidHeartsDesign,17,764520942,138.0,,True,False,True,False,80,21
True,176,TUFAClimbing,95,756681203,225.0,,True,False,False,False,623,46
False,175,LeatherDesignStudio,457,293523159,107.1,119.0,True,False,False,False,1470,140
False,59,ViewInRain,0,280156292,117.8,,False,False,False,True,232,9
False,58,AlbanBikeBags,325,262746724,84.04,,True,False,False,False,2609,27
False,57,SUNSTONESEA,74,242067213,42.0,,True,False,False,True,355,16
False,56,AmaraCollective,462,505881895,258.59,,False,False,False,False,1863,63
False,118,ItsyBitsyWear,2209,449718884,20.8,26.0,True,False,False,False,14119,429
False,117,Toddletags,1279,160993236,5.95,,False,False,True,False,5687,374
False,116,CreativeCo1520,305,538125202,12.99,,False,False,True,False,2221,110
False,115,Celmonster,145,501873286,91.99,114.99,True,False,True,False,480,192
False,172,tinytulip,1281,495091721,100.0,,True,False,True,False,7294,171
False,171,Marinsss,263,93268485,110.0,,True,False,False,False,736,111
False,170,MyCottonHouse,256,242653400,184.9,,True,False,False,False,1068,254
False,169,Pomkatoo,0,508924514,145.0,,True,False,False,False,17,22
False,173,PAGURDESIGN,180,245731753,149.0,,False,False,False,False,814,124
False,55,RedElephantClothing,6785,154224001,15.95,,True,False,False,False,32332,508
False,52,hannisch,228,271030395,31.64,,False,False,False,False,2058,318
False,51,AliveClothingShirts,69,463316251,14.24,,False,False,False,False,551,70
False,168,littleoddforest,1583,497047058,119.0,,True,False,False,False,3271,264
True,112,PamporaBags,192,674879670,185.48,206.08,True,False,False,False,760,93
True,166,Pixinc,0,773631578,129.5,259.0,True,False,False,False,,5
False,167,ReprisedVintage,76,558081834,116.37,155.16,False,False,False,False,247,155
True,164,MOBLeather,0,554842565,178.0,,True,False,False,False,9,48
False,109,TinyRoseBoutique,3398,469458729,24.5,,False,True,True,False,14506,177
True,48,CastleCoShop,1527,515588732,53.95,59.95,True,False,False,False,7485,146
False,47,TashisTreasure,104,512338328,35.0,,True,False,False,False,1120,110
False,107,PandaUA,607,551599120,84.0,140.0,True,False,True,False,3619,286
False,105,SoSewPreciousGifts,955,508336223,18.09,,False,False,False,False,7233,417
False,106,Frenchbaskets,1048,276059230,56.0,,True,False,False,False,8274,156
False,162,RadkaFashion,6,478998523,380.92,,True,False,False,False,18,48
False,104,TotesBurlap,1151,521473311,26.09,28.99,True,False,True,False,9701,79
False,160,SamakLeder,41,227703232,144.68,,True,False,False,True,187,24
False,46,ArielleCreaLoisirs,557,543536021,31.65,,False,True,False,False,4450,139
False,161,aeliasandals,287,287369361,170.0,,True,False,False,True,1470,172
False,44,DarkKnightArmoury,1988,194266043,45.0,,False,False,True,False,7368,416
False,45,LaceyRaeDesigns,1612,460678824,18.99,,False,True,True,False,8637,705
False,42,PoshyKids,1162,523068574,37.5,,True,False,False,False,6683,40
False,70,daphnenen,1529,254327970,115.0,,True,False,False,False,4174,190
True,102,BORABORAs,0,780959334,22.61,,False,False,False,False,1,6
False,103,thepersonalisers,545,534773604,23.27,,False,False,False,False,5390,1726
True,100,iRichLeather,39,571638472,128.0,,True,False,True,False,131,225
False,158,Babak1995,518,512939898,139.9,279.8,True,False,True,False,2330,302
False,99,Whynotstopnshop,9101,256149934,24.95,,True,False,True,False,45335,1088
False,156,ScandaloAlSole,629,196241579,150.12,166.8,False,False,False,False,4340,119
False,155,LeatherStrata,492,458146098,145.08,170.68,False,False,True,False,2632,328
False,41,FallenStarCoutureInc,26002,387102968,22.73,,True,False,False,False,126597,421
True,38,garbanota,2,763782494,47.47,63.3,False,False,False,False,33,74
False,69,Nordhale,10,521821693,115.75,144.68,True,False,False,False,64,34
False,39,FernEllieCreation,863,519112534,59.95,,True,False,False,False,5001,70
False,68,iyiamihandbags,1407,170530431,136.0,,False,False,False,False,3193,169
False,67,vayabags,128,184061392,189.0,,False,False,False,False,482,34
False,98,JaniceDesign,380,488974670,69.75,93.0,True,False,False,False,2174,27
True,37,Borsaio,5,667441619,45.21,,True,False,True,False,24,7
True,154,SolisLeatherCompany,64,749753327,109.5,219.0,False,False,False,False,328,37
False,150,RuthKraus,475,207365185,119.0,,True,False,False,False,2519,215
False,34,MIRUGB,56,514067087,64.64,,True,False,False,False,234,2
False,35,fourbugsinarug,7036,387525886,16.2,18.0,False,False,True,False,38830,166
True,188,lavsih,0,783795380,51.71,,True,False,False,False,,9
False,190,Treasurecaravan,33,280488746,115.0,,False,False,False,True,128,652
False,189,iCreate369,163,552021209,49.95,,True,False,False,False,1303,65
False,187,MissTessyShop,132,510043002,49.73,,True,False,False,False,316,120
False,148,KrukGarageAtelier,436,232848980,239.4,342.0,False,False,True,False,2126,135
False,186,MotherEarthTreasure,221,291982119,77.58,,False,False,True,False,954,133
False,147,treesizeverse,1567,103241322,186.16,206.85,False,False,False,False,6297,196
False,32,BokzimBag,141,272076668,38.0,,False,False,False,False,795,71
False,146,Tram21,576,259343489,215.89,,False,False,False,False,2911,40
False,184,HoneysuckleandLime,590,503773316,35.6,,False,False,False,False,3130,32
False,28,TaylorHeUK,196,293624267,32.32,,False,False,False,False,1798,92
False,27,PrettyPersonalGifts,4925,552818059,28.5,,False,False,True,False,29038,412
False,183,NicheLane,128,519478438,135.76,226.27,False,False,True,False,704,32
False,182,maykobags,1330,558579533,149.4,249.0,False,False,True,False,7664,464
True,26,BBEShop,278,510614151,117.0,130.0,True,False,True,False,1218,150
True,25,Watershedbrand,30,778229308,45.25,,True,False,False,True,332,62
False,179,FidelioBags,558,244407348,203.4,,True,False,False,True,2268,11
False,181,SweetSewnVirginia,46,223006174,15.0,,False,False,True,False,219,19
True,178,KensLittleGiftShop,28,702120176,27.99,,False,False,False,False,220,31
True,177,ThistleForest,0,797285051,44.0,,True,False,False,False,3,28
True,140,noda4you,140,709882806,196.68,,True,False,True,False,943,161
False,19,TalismanaDesigns,7962,236196308,46.0,,True,True,True,False,25470,146
False,17,christystudio,10055,84266535,41.3,59.0,False,False,False,False,33089,80
False,175,SHOPBAGsUA,339,564321965,122.4,136.0,False,False,True,False,1536,59
False,174,Nubuckcuir,390,545729644,191.03,,True,False,False,False,1615,87
False,173,PersonalStitchGifts,2631,508994751,29.0,,True,False,True,False,12571,117
True,176,HidesHandcrafted,698,714355950,136.51,227.52,False,False,True,False,4505,241
False,172,mussleathersUY,43,542042840,310.0,,True,False,False,False,185,69
False,171,StitchNOLABoutique,5589,214349295,22.5,,False,False,True,False,24798,3164
True,77,InSunt,443,524436017,97.2,108.0,True,False,False,False,1668,138
False,133,Velotton,24,253551553,185.37,,True,False,False,False,122,30
False,134,MoonshineLeather,325,449860862,157.25,185.0,True,False,True,False,1492,407
False,132,CreaturesofDelight,43,116837371,125.0,,False,False,True,True,98,175
False,131,InkAndPlumeUA,25,554420853,146.0,,True,False,False,False,73,25
True,129,LeatherHandbagsLT,0,633972530,121.6,152.0,True,False,False,False,13,17
True,14,TheDailyRetailer,0,798609805,55.0,,False,False,False,False,1,10
False,16,madebygrannyshands,2095,521561268,17.95,,False,False,False,False,9038,489
True,12,AkitaWorld,0,781295380,47.99,,True,False,False,False,,17
False,170,CloudsplitterBags,509,245862220,6.99,,False,False,False,False,6949,19
False,169,heartmelter,1749,239722697,29.95,,False,False,True,False,6536,43
False,168,BagDoRi,446,114367122,62.5,,False,False,False,True,2595,43
False,167,Backpacks4Friends,558,293195493,264.5,,True,False,True,False,2054,81
False,70,HarvestUA,172,512208766,68.0,75.56,True,False,True,False,913,237
False,72,DrinaCrafts,215,524719834,158.25,226.07,False,False,False,False,704,46
False,10,FirstfruitCrafts,249,531968572,20.0,,False,False,False,False,1165,54
False,9,LimorGalili,525,261617135,249.6,312.0,True,False,True,False,2099,666
True,165,BaltimoreBagCompany,0,793837117,150.0,,True,False,False,False,1,6
True,166,SomeDudesDance,48,289899585,12.0,,False,False,False,False,313,17
False,8,VitalSignsNW,1815,247366864,43.5,,True,False,True,False,10782,422
True,164,NokHoo,19,223296718,149.0,,True,False,False,False,64,4
True,128,lePelou,9,789230449,172.84,192.04,False,False,False,False,44,31
False,161,kokosina,341,161094517,111.9,,False,False,False,False,1824,107
False,163,AlmiCrafts,62,547669650,112.0,,False,False,False,True,190,25
False,7,kutekiddo,6591,238354580,22.49,,False,True,True,False,34274,101
False,162,Mamounes,1443,531286168,11.3,,False,False,True,False,15761,274
False,69,DoubleBMonograms,4958,387649714,24.46,34.95,False,False,True,False,22811,326
False,67,Otomiartesanal,61,243760483,55.9,,False,False,True,False,261,9
True,66,ChristinaChristiJls,2096,600925847,124.79,155.99,True,False,False,False,16342,929
False,4,LolaDarlingDesigns,5323,196775734,24.0,,True,False,True,False,26114,137
False,160,MonogramandmoreShop,170,533397182,9.99,,False,False,True,False,1197,95
False,158,SaltwaterPrep,2417,244748991,23.0,,True,False,True,False,11654,43
False,156,mediumcontrol,5705,62767674,51.0,,True,False,False,False,29231,836
True,64,personalizedgiftsbyk,1863,641778841,27.55,45.91,False,False,True,False,16636,1620
False,159,MAHILeather,1284,226045860,142.55,190.07,True,False,False,False,8258,292
False,155,ArisBag,257,484426661,61.04,,False,False,True,True,1116,135
False,157,ArmyForceGear,785,505288840,39.99,,False,False,True,False,4142,229
True,154,KalatingLeatherUK,570,613501498,230.15,,True,False,False,False,3580,29
True,152,DuskShop,0,784371548,179.72,,True,False,False,True,7,14
False,150,WoodwardsLeather,0,480474482,155.16,,False,False,False,False,63,20
False,151,Badimyon,663,203693357,89.1,99.0,True,False,False,False,3019,169
False,149,TheCuriousCatbird,3778,81065990,22.5,,False,False,True,False,17671,139
False,148,EdwardsPrint,351,261550959,5.79,19.33,False,False,True,False,2529,42
False,145,VitaGordievska,36,482106766,400.0,,True,False,False,False,117,90
False,146,Oliday,1446,457111524,105.82,124.5,True,False,False,False,8770,25
False,143,ShopSimpleJoy,6860,387007536,42.75,,False,False,True,False,29839,295
False,144,Stasukan,381,499911226,125.0,138.89,True,False,True,False,1656,194
False,139,MinnimAccessories,196,569648525,99.0,,True,False,True,False,921,81
False,138,JoyfulMoose,10264,457287928,13.45,,True,False,False,False,49095,456
True,1,AMEETStudio,0,568460568,135.0,,False,False,True,True,5,20
True,130,FRITZLIMITLESS,0,784626216,141.29,,True,False,False,False,,3
True,36,WokeIndie,0,752385425,154.27,,False,False,False,True,,2
False,40,AttaStudio,0,529014669,129.0,,True,False,False,False,157,35
False,44,FirenzeBags,860,550485890,168.5,337.0,True,False,False,False,5824,129
False,51,maraimarai,25,244943127,135.64,,False,False,False,False,92,10
False,52,SolidLeatherCo,824,242118867,425.0,,True,False,True,False,3658,65
False,42,NAMANAbags,53,239342036,161.0,,False,False,True,False,268,84
False,59,Lovecheerboutique,193,501293004,120.0,,False,False,True,False,1124,321
False,58,JureamBox,53,458471952,103.44,,True,False,False,False,298,44
False,57,OdiLynch,691,515758404,128.01,,False,False,False,True,2675,423
False,56,Sobivarto,163,256266029,120.0,,False,False,True,False,638,7
False,62,bRucksack,13,216236101,100.0,,True,False,False,False,34,26
False,55,Albertinaboutique,162,275407086,329.0,,True,False,False,False,531,21
False,63,thetogbag,9,523312494,155.15,193.94,False,False,True,False,88,6
False,61,BearGallery,289,478852091,350.0,,True,False,False,False,1159,214
